Method,Dimension,Silhouette,Davies_Bouldin
BoW,20,0.2815540887778187,2.0286442136613507
BoW,100,0.1173954818700448,2.8852363272669392
BoW,300,0.04109219345466156,4.011040642802994
